<?xml version="1.0" encoding="utf-8"?>
<Stateflow>
  <machine id="18">
    <P Name="sfVersion">80000046</P>
    <Children>
      <target id="80" name="sfun">
        <P Name="description">Default Simulink S-Function Target.</P>
      </target>
      <chart Ref="chart_19"/>
      <chart Ref="chart_27"/>
      <chart Ref="chart_35"/>
      <chart Ref="chart_43"/>
      <chart Ref="chart_52"/>
      <chart Ref="chart_63"/>
      <chart Ref="chart_70"/>
    </Children>
  </machine>
  <instance id="26">
    <P Name="machine">18</P>
    <P Name="name">Attack Logic on Sensors</P>
    <P Name="chart">19</P>
  </instance>
  <instance id="34">
    <P Name="machine">18</P>
    <P Name="name">Controller/MATLAB Function</P>
    <P Name="chart">27</P>
  </instance>
  <instance id="42">
    <P Name="machine">18</P>
    <P Name="name">Attack Logic on Control Inputs</P>
    <P Name="chart">35</P>
  </instance>
  <instance id="51">
    <P Name="machine">18</P>
    <P Name="name">Anomaly Detector// Attack Detector Logic</P>
    <P Name="chart">43</P>
  </instance>
  <instance id="62">
    <P Name="machine">18</P>
    <P Name="name">Plant - Gas Turbine/MATLAB Function1</P>
    <P Name="chart">52</P>
  </instance>
  <instance id="69">
    <P Name="machine">18</P>
    <P Name="name">Controller/Reference Signal</P>
    <P Name="chart">63</P>
  </instance>
  <instance id="79">
    <P Name="machine">18</P>
    <P Name="name">Kalman Filter//State Estimator/State Estimator</P>
    <P Name="chart">70</P>
  </instance>
</Stateflow>
