<?xml version="1.0" encoding="utf-8"?>
<System>
  <P Name="Location">[223, 338, 826, 833]</P>
  <P Name="SystemRect">[0.000000, 0.000000, 0.000000, 0.000000]</P>
  <P Name="SetExecutionDomain">off</P>
  <P Name="ExecutionDomainType">Deduce</P>
  <P Name="SIDHighWatermark">43</P>
  <P Name="SimulinkSubDomain">Simulink</P>
  <Block BlockType="Inport" Name="u" SID="34::1">
    <P Name="Position">[20, 101, 40, 119]</P>
    <P Name="ZOrder">-1</P>
  </Block>
  <Block BlockType="Inport" Name="x" SID="34::22">
    <P Name="Position">[20, 136, 40, 154]</P>
    <P Name="ZOrder">13</P>
    <P Name="Port">2</P>
  </Block>
  <Block BlockType="Inport" Name="v" SID="34::23">
    <P Name="Position">[20, 171, 40, 189]</P>
    <P Name="ZOrder">14</P>
    <P Name="Port">3</P>
  </Block>
  <Block BlockType="Inport" Name="w" SID="34::24">
    <P Name="Position">[20, 206, 40, 224]</P>
    <P Name="ZOrder">15</P>
    <P Name="Port">4</P>
  </Block>
  <Block BlockType="Demux" Name=" Demux " SID="34::42">
    <P Name="Ports">[1, 1]</P>
    <P Name="Position">[270, 230, 320, 270]</P>
    <P Name="ZOrder">33</P>
    <P Name="Outputs">1</P>
  </Block>
  <Block BlockType="S-Function" Name=" SFunction " SID="34::41">
    <P Name="Tag">Stateflow S-Function 5</P>
    <P Name="Ports">[4, 3]</P>
    <P Name="Position">[180, 102, 230, 203]</P>
    <P Name="ZOrder">32</P>
    <P Name="FunctionName">sf_sfun</P>
    <P Name="PortCounts">[4 3]</P>
    <P Name="SFunctionDeploymentMode">off</P>
    <P Name="EnableBusSupport">on</P>
    <P Name="SFcnIsStateOwnerBlock">off</P>
    <Port>
      <P Name="PortNumber">2</P>
      <P Name="Name">x_n</P>
    </Port>
    <Port>
      <P Name="PortNumber">3</P>
      <P Name="Name">y</P>
    </Port>
  </Block>
  <Block BlockType="Terminator" Name=" Terminator " SID="34::43">
    <P Name="Position">[460, 241, 480, 259]</P>
    <P Name="ZOrder">34</P>
  </Block>
  <Block BlockType="Outport" Name="x_n" SID="34::25">
    <P Name="Position">[460, 101, 480, 119]</P>
    <P Name="ZOrder">16</P>
    <P Name="VectorParamsAs1DForOutWhenUnconnected">off</P>
  </Block>
  <Block BlockType="Outport" Name="y" SID="34::5">
    <P Name="Position">[460, 136, 480, 154]</P>
    <P Name="ZOrder">-5</P>
    <P Name="Port">2</P>
    <P Name="VectorParamsAs1DForOutWhenUnconnected">off</P>
  </Block>
  <Line>
    <P Name="ZOrder">33</P>
    <P Name="Src">34::1#out:1</P>
    <P Name="Dst">34::41#in:1</P>
  </Line>
  <Line>
    <P Name="ZOrder">34</P>
    <P Name="Src">34::22#out:1</P>
    <P Name="Dst">34::41#in:2</P>
  </Line>
  <Line>
    <P Name="ZOrder">35</P>
    <P Name="Src">34::23#out:1</P>
    <P Name="Dst">34::41#in:3</P>
  </Line>
  <Line>
    <P Name="ZOrder">36</P>
    <P Name="Src">34::24#out:1</P>
    <P Name="Dst">34::41#in:4</P>
  </Line>
  <Line>
    <P Name="Name">x_n</P>
    <P Name="ZOrder">37</P>
    <P Name="Labels">[0, 0]</P>
    <P Name="Src">34::41#out:2</P>
    <P Name="Dst">34::25#in:1</P>
  </Line>
  <Line>
    <P Name="Name">y</P>
    <P Name="ZOrder">38</P>
    <P Name="Labels">[0, 0]</P>
    <P Name="Src">34::41#out:3</P>
    <P Name="Dst">34::5#in:1</P>
  </Line>
  <Line>
    <P Name="ZOrder">39</P>
    <P Name="Src">34::42#out:1</P>
    <P Name="Dst">34::43#in:1</P>
  </Line>
  <Line>
    <P Name="ZOrder">40</P>
    <P Name="Src">34::41#out:1</P>
    <P Name="Points">[20, 0]</P>
    <P Name="Dst">34::42#in:1</P>
  </Line>
</System>
