<?xml version="1.0" encoding="utf-8"?>
<System>
  <P Name="Location">[670, 108, 2606, 1164]</P>
  <P Name="SystemRect">[0.000000, 0.000000, 0.000000, 0.000000]</P>
  <P Name="SetExecutionDomain">off</P>
  <P Name="ExecutionDomainType">Deduce</P>
  <P Name="SimulinkSubDomain">Simulink</P>
  <Block BlockType="Inport" Name="x_hat" SID="6">
    <P Name="Position">[35, -257, 65, -243]</P>
    <P Name="ZOrder">-1</P>
    <P Name="BlockMirror">on</P>
    <P Name="NameLocation">top</P>
  </Block>
  <Block BlockType="Inport" Name="y_hat" SID="7">
    <P Name="Position">[130, -197, 160, -183]</P>
    <P Name="ZOrder">546</P>
    <P Name="BlockMirror">on</P>
    <P Name="NameLocation">top</P>
    <P Name="Port">2</P>
  </Block>
  <Block BlockType="DiscreteIntegrator" Name="Integrator" SID="8">
    <P Name="Ports">[1, 1]</P>
    <P Name="Position">[-35, -206, 0, -174]</P>
    <P Name="ZOrder">551</P>
    <P Name="BlockMirror">on</P>
    <P Name="NameLocation">top</P>
    <P Name="InitialConditionSetting">Auto</P>
    <P Name="SampleTime">0.1</P>
    <P Name="ICPrevOutput">DiscIntNeverNeededParam</P>
    <P Name="ICPrevScaledInput">DiscIntNeverNeededParam</P>
  </Block>
  <Block BlockType="SubSystem" Name="MATLAB Function" SID="9">
    <P Name="Ports">[2, 1]</P>
    <P Name="Position">[-235, -279, -100, -161]</P>
    <P Name="ZOrder">543</P>
    <P Name="BlockMirror">on</P>
    <P Name="NameLocation">top</P>
    <P Name="ErrorFcn">Stateflow.Translate.translate</P>
    <P Name="PermitHierarchicalResolution">ExplicitOnly</P>
    <P Name="TreatAsAtomicUnit">on</P>
    <P Name="RequestExecContextInheritance">off</P>
    <P Name="SFBlockType">MATLAB Function</P>
    <Port>
      <P Name="PortNumber">1</P>
      <P Name="Name">u</P>
      <P Name="PropagatedSignals">u</P>
    </Port>
    <System Ref="system_9"/>
  </Block>
  <Block BlockType="SubSystem" Name="Reference Signal" SID="10">
    <P Name="Ports">[1, 1]</P>
    <P Name="Position">[19, -135, 91, -45]</P>
    <P Name="ZOrder">548</P>
    <P Name="BlockRotation">270</P>
    <P Name="NameLocation">right</P>
    <P Name="ErrorFcn">Stateflow.Translate.translate</P>
    <P Name="PermitHierarchicalResolution">ExplicitOnly</P>
    <P Name="TreatAsAtomicUnit">on</P>
    <P Name="RequestExecContextInheritance">off</P>
    <P Name="SFBlockType">MATLAB Function</P>
    <P Name="ContentPreviewEnabled">on</P>
    <System Ref="system_10"/>
  </Block>
  <Block BlockType="Sum" Name="Sum1" SID="11">
    <P Name="Ports">[2, 1]</P>
    <P Name="Position">[45, -200, 65, -180]</P>
    <P Name="ZOrder">545</P>
    <P Name="BlockMirror">on</P>
    <P Name="NameLocation">top</P>
    <P Name="ShowName">off</P>
    <P Name="Inputs">|-+</P>
  </Block>
  <Block BlockType="DigitalClock" Name="time   " SID="12">
    <P Name="Position">[40, -10, 70, 35]</P>
    <P Name="ZOrder">549</P>
    <P Name="BlockRotation">270</P>
    <P Name="NameLocation">left</P>
    <P Name="SampleTime">0.1</P>
  </Block>
  <Block BlockType="Outport" Name="u" SID="13">
    <P Name="Position">[-310, -227, -280, -213]</P>
    <P Name="ZOrder">-2</P>
    <P Name="BlockMirror">on</P>
    <P Name="NameLocation">top</P>
    <P Name="VectorParamsAs1DForOutWhenUnconnected">off</P>
  </Block>
  <Line>
    <P Name="ZOrder">1</P>
    <P Name="Src">11#out:1</P>
    <P Name="Dst">8#in:1</P>
  </Line>
  <Line>
    <P Name="ZOrder">2</P>
    <P Name="Src">6#out:1</P>
    <P Name="Dst">9#in:1</P>
  </Line>
  <Line>
    <P Name="Name">u</P>
    <P Name="ZOrder">3</P>
    <P Name="Labels">[0, 0]</P>
    <P Name="Src">9#out:1</P>
    <P Name="Dst">13#in:1</P>
  </Line>
  <Line>
    <P Name="ZOrder">4</P>
    <P Name="Src">7#out:1</P>
    <P Name="Dst">11#in:1</P>
  </Line>
  <Line>
    <P Name="ZOrder">5</P>
    <P Name="Src">8#out:1</P>
    <P Name="Dst">9#in:2</P>
  </Line>
  <Line>
    <P Name="ZOrder">6</P>
    <P Name="Src">10#out:1</P>
    <P Name="Dst">11#in:2</P>
  </Line>
  <Line>
    <P Name="ZOrder">7</P>
    <P Name="Src">12#out:1</P>
    <P Name="Dst">10#in:1</P>
  </Line>
  <Annotation SID="14">
    <P Name="Name">Controller</P>
    <P Name="Position">[-75, -242, -29, -228]</P>
    <P Name="InternalMargins">[0, 0, 0, 0]</P>
    <P Name="ZOrder">-1</P>
  </Annotation>
</System>
