<?xml version="1.0" encoding="UTF-8"?>
<sltp_graph version="1.1" packageUris="http://schema.mathworks.com/mf0/sltp_mm/R2021b_202106150630">
  <sltp.mm.core.Context type="sltp.mm.core.Context" uuid="c796eafe-2559-4b78-8d8c-c65eba675952">
    <priorityDirection>HighNumberLast</priorityDirection>
    <editorState type="sltp.mm.core.EditorState" uuid="3429ef35-ff8f-40e9-9e53-88ef0319603d">
      <isSynchronized>true</isSynchronized>
      <panelState type="sltp.mm.core.EditorPanelState" uuid="7780d01c-156c-4bfc-a8f5-a1c7241f4c28"/>
    </editorState>
    <rootTask type="sltp.mm.core.Task" uuid="e84dbf45-b339-446b-b5aa-0cea1cbb627e">
      <context type="sltp.mm.core.Context" uuid="c796eafe-2559-4b78-8d8c-c65eba675952"/>
      <explicit>false</explicit>
      <name>Default</name>
      <priority>-2147483648</priority>
      <subgraph type="sltp.mm.core.Graph" uuid="9b0d3891-f0b5-45e1-a743-99f2889cf895">
        <tasks type="sltp.mm.core.Task" uuid="29c7d472-07bf-4d3f-900f-50a336dd2dd1">
          <baseTask>true</baseTask>
          <context type="sltp.mm.core.Context" uuid="c796eafe-2559-4b78-8d8c-c65eba675952"/>
          <explicit>false</explicit>
          <id>1</id>
          <isTimed>true</isTimed>
          <name>FiM</name>
          <priority>40</priority>
          <rates type="sltp.mm.core.Rate" uuid="a87ac061-1e23-40be-a046-25bf0ddba240">
            <annotation>FiM</annotation>
            <color>-2139062017</color>
            <rateSpec type="sltp.mm.core.RateSpec">
              <offset>1.0</offset>
              <period>0.0</period>
            </rateSpec>
            <sti>0</sti>
          </rates>
          <rates type="sltp.mm.core.Rate" uuid="d136af44-4b4a-4deb-a0ab-bfc2a0dfa41a">
            <annotation>D1</annotation>
            <color>-436207361</color>
            <hasBlocks>true</hasBlocks>
            <rateSpec type="sltp.mm.core.RateSpec">
              <period>.1</period>
            </rateSpec>
            <sti>1</sti>
          </rates>
        </tasks>
      </subgraph>
    </rootTask>
  </sltp.mm.core.Context>
</sltp_graph>