<?xml version="1.0" encoding="utf-8"?>
<System>
  <P Name="Location">[223, 338, 826, 833]</P>
  <P Name="SystemRect">[0.000000, 0.000000, 0.000000, 0.000000]</P>
  <P Name="SetExecutionDomain">off</P>
  <P Name="ExecutionDomainType">Deduce</P>
  <P Name="SIDHighWatermark">104</P>
  <P Name="SimulinkSubDomain">Simulink</P>
  <Block BlockType="Inport" Name="time" SID="10::86">
    <P Name="Position">[20, 101, 40, 119]</P>
    <P Name="ZOrder">77</P>
  </Block>
  <Block BlockType="Demux" Name=" Demux " SID="10::103">
    <P Name="Ports">[1, 1]</P>
    <P Name="Position">[270, 230, 320, 270]</P>
    <P Name="ZOrder">94</P>
    <P Name="Outputs">1</P>
  </Block>
  <Block BlockType="S-Function" Name=" SFunction " SID="10::102">
    <P Name="Tag">Stateflow S-Function 6</P>
    <P Name="Ports">[1, 2]</P>
    <P Name="Position">[180, 100, 230, 160]</P>
    <P Name="ZOrder">93</P>
    <P Name="FunctionName">sf_sfun</P>
    <P Name="PortCounts">[1 2]</P>
    <P Name="SFunctionDeploymentMode">off</P>
    <P Name="EnableBusSupport">on</P>
    <P Name="SFcnIsStateOwnerBlock">off</P>
    <Port>
      <P Name="PortNumber">2</P>
      <P Name="Name">r</P>
    </Port>
  </Block>
  <Block BlockType="Terminator" Name=" Terminator " SID="10::104">
    <P Name="Position">[460, 241, 480, 259]</P>
    <P Name="ZOrder">95</P>
  </Block>
  <Block BlockType="Outport" Name="r" SID="10::5">
    <P Name="Position">[460, 101, 480, 119]</P>
    <P Name="ZOrder">-5</P>
    <P Name="VectorParamsAs1DForOutWhenUnconnected">off</P>
  </Block>
  <Line>
    <P Name="ZOrder">17</P>
    <P Name="Src">10::86#out:1</P>
    <P Name="Dst">10::102#in:1</P>
  </Line>
  <Line>
    <P Name="Name">r</P>
    <P Name="ZOrder">18</P>
    <P Name="Labels">[0, 0]</P>
    <P Name="Src">10::102#out:2</P>
    <P Name="Dst">10::5#in:1</P>
  </Line>
  <Line>
    <P Name="ZOrder">19</P>
    <P Name="Src">10::103#out:1</P>
    <P Name="Dst">10::104#in:1</P>
  </Line>
  <Line>
    <P Name="ZOrder">20</P>
    <P Name="Src">10::102#out:1</P>
    <P Name="Dst">10::103#in:1</P>
  </Line>
</System>
