<?xml version="1.0" encoding="utf-8"?>
<System>
  <P Name="Location">[8, 33, 1944, 1089]</P>
  <P Name="SystemRect">[0.000000, 0.000000, 0.000000, 0.000000]</P>
  <P Name="SetExecutionDomain">off</P>
  <P Name="ExecutionDomainType">Deduce</P>
  <P Name="SimulinkSubDomain">Simulink</P>
  <Block BlockType="Inport" Name="u" SID="32">
    <P Name="Position">[-520, -77, -490, -63]</P>
    <P Name="ZOrder">-1</P>
  </Block>
  <Block BlockType="Delay" Name="Delay" SID="33">
    <P Name="Ports">[1, 1]</P>
    <P Name="Position">[-145, -62, -110, -28]</P>
    <P Name="ZOrder">557</P>
    <P Name="InputPortMap">u0</P>
    <P Name="DelayLength">1</P>
    <P Name="InitialCondition">[0;0]</P>
    <P Name="SampleTime">0.1</P>
    <Port>
      <P Name="PortNumber">1</P>
      <P Name="Name">y</P>
    </Port>
  </Block>
  <Block BlockType="SubSystem" Name="MATLAB Function1" SID="34">
    <P Name="Ports">[4, 2]</P>
    <P Name="Position">[-380, -95, -300, 90]</P>
    <P Name="ZOrder">503</P>
    <P Name="ErrorFcn">Stateflow.Translate.translate</P>
    <P Name="PermitHierarchicalResolution">ExplicitOnly</P>
    <P Name="TreatAsAtomicUnit">on</P>
    <P Name="RequestExecContextInheritance">off</P>
    <P Name="SFBlockType">MATLAB Function</P>
    <P Name="ContentPreviewEnabled">on</P>
    <System Ref="system_34"/>
  </Block>
  <Block BlockType="RandomNumber" Name="Measurement Noise" SID="35">
    <P Name="Position">[-585, 50, -555, 80]</P>
    <P Name="ZOrder">510</P>
    <P Name="Mean">[0]</P>
    <P Name="Variance">[0.001]</P>
    <P Name="Seed">[randi(100)]</P>
    <P Name="SampleTime">0.1</P>
  </Block>
  <Block BlockType="RandomNumber" Name="Process Noise" SID="38">
    <P Name="Position">[-585, 5, -555, 35]</P>
    <P Name="ZOrder">511</P>
    <P Name="Mean">[0 0]</P>
    <P Name="Variance">[0.0001 0.0001]</P>
    <P Name="Seed">[randi(100) randi(100)]</P>
    <P Name="SampleTime">0.1</P>
  </Block>
  <Block BlockType="Scope" Name="States" SID="36">
    <P Name="Ports">[1]</P>
    <P Name="Position">[30, -176, 60, -144]</P>
    <P Name="ZOrder">531</P>
    <P Name="ScopeSpecificationString">Simulink.scopes.TimeScopeBlockCfg(&apos;CurrentConfiguration&apos;, extmgr.ConfigurationSet(extmgr.Configuration(&apos;Core&apos;,&apos;General UI&apos;,true),extmgr.Configuration(&apos;Core&apos;,&apos;Source UI&apos;,true),extmgr.Configuration(&apos;Sources&apos;,&apos;WiredSimulink&apos;,true,&apos;DataLoggingVariableName&apos;,&apos;ScopeData1&apos;),extmgr.Configuration(&apos;Visuals&apos;,&apos;Time Domain&apos;,true,&apos;SerializedDisplays&apos;,{struct(&apos;MinYLimReal&apos;,&apos;-165.14806&apos;,&apos;MaxYLimReal&apos;,&apos;240.63144&apos;,&apos;YLabelReal&apos;,&apos;&apos;,&apos;MinYLimMag&apos;,&apos; 0.00000&apos;,&apos;MaxYLimMag&apos;,&apos;240.63144&apos;,&apos;LegendVisibility&apos;,&apos;Off&apos;,&apos;XGrid&apos;,true,&apos;YGrid&apos;,true,&apos;PlotMagPhase&apos;,false,&apos;AxesColor&apos;,[0 0 0],&apos;AxesTickColor&apos;,[0.686274509803922 0.686274509803922 0.686274509803922],&apos;ColorOrder&apos;,[1 1 0.0666666666666667;0.0745098039215686 0.623529411764706 1;1 0.411764705882353 0.16078431372549;0.392156862745098 0.831372549019608 0.0745098039215686;0.717647058823529 0.274509803921569 1;0.0588235294117647 1 1;1 0.0745098039215686 0.650980392156863],&apos;Title&apos;,&apos;%&lt;SignalLabel&gt;&apos;,&apos;LinePropertiesCache&apos;,{{}},&apos;UserDefinedChannelNames&apos;,{{}},&apos;NumLines&apos;,2,&apos;LineNames&apos;,{{&apos;MATLAB Function1/x_n:1&apos;,&apos;MATLAB Function1/x_n:2&apos;}},&apos;ShowContent&apos;,true,&apos;Placement&apos;,1)},&apos;DisplayPropertyDefaults&apos;,struct(&apos;MinYLimReal&apos;,&apos;-165.14806&apos;,&apos;MaxYLimReal&apos;,&apos;240.63144&apos;,&apos;YLabelReal&apos;,&apos;&apos;,&apos;MinYLimMag&apos;,&apos; 0.00000&apos;,&apos;MaxYLimMag&apos;,&apos;240.63144&apos;,&apos;LegendVisibility&apos;,&apos;Off&apos;,&apos;XGrid&apos;,true,&apos;YGrid&apos;,true,&apos;PlotMagPhase&apos;,false,&apos;AxesColor&apos;,[0 0 0],&apos;AxesTickColor&apos;,[0.686274509803922 0.686274509803922 0.686274509803922],&apos;ColorOrder&apos;,[0.0745098039215686 0.623529411764706 1;1 0.411764705882353 0.16078431372549;1 1 0.0666666666666667;0.717647058823529 0.274509803921569 1;0.392156862745098 0.831372549019608 0.0745098039215686;0.0588235294117647 1 1;1 0.0745098039215686 0.650980392156863])),extmgr.Configuration(&apos;Tools&apos;,&apos;Plot Navigation&apos;,true,&apos;PreviousAutoscale&apos;,&apos;XY&apos;,&apos;OnceAtStop&apos;,false),extmgr.Configuration(&apos;Tools&apos;,&apos;Measurements&apos;,true,&apos;Version&apos;,&apos;2021a&apos;)),&apos;Version&apos;,&apos;2021a&apos;,&apos;Position&apos;,[908.2 45 597.6 188.8])</P>
    <P Name="NumInputPorts">1</P>
    <P Name="Floating">off</P>
  </Block>
  <Block BlockType="ToWorkspace" Name="To Workspace" SID="37">
    <P Name="Ports">[1]</P>
    <P Name="Position">[85, -60, 145, -30]</P>
    <P Name="ZOrder">514</P>
    <P Name="VariableName">x_k</P>
    <P Name="MaxDataPoints">inf</P>
    <P Name="SaveFormat">Timeseries</P>
    <P Name="FixptAsFi">on</P>
    <P Name="SampleTime">0.1</P>
  </Block>
  <Block BlockType="Outport" Name="y" SID="39">
    <P Name="Position">[45, 38, 75, 52]</P>
    <P Name="ZOrder">-2</P>
    <P Name="VectorParamsAs1DForOutWhenUnconnected">off</P>
  </Block>
  <Block BlockType="Outport" Name="x" SID="48">
    <P Name="Position">[30, -102, 60, -88]</P>
    <P Name="ZOrder">558</P>
    <P Name="Port">2</P>
    <P Name="VectorParamsAs1DForOutWhenUnconnected">off</P>
  </Block>
  <Line>
    <P Name="ZOrder">1</P>
    <P Name="Src">32#out:1</P>
    <P Name="Dst">34#in:1</P>
  </Line>
  <Line>
    <P Name="ZOrder">2</P>
    <P Name="Src">34#out:1</P>
    <P Name="Points">[52, 0]</P>
    <Branch>
      <P Name="ZOrder">3</P>
      <P Name="Dst">33#in:1</P>
    </Branch>
    <Branch>
      <P Name="ZOrder">4</P>
      <P Name="Points">[0, -115]</P>
      <P Name="Dst">36#in:1</P>
    </Branch>
  </Line>
  <Line>
    <P Name="ZOrder">5</P>
    <P Name="Src">34#out:2</P>
    <P Name="Dst">39#in:1</P>
  </Line>
  <Line>
    <P Name="Name">y</P>
    <P Name="ZOrder">6</P>
    <P Name="Src">33#out:1</P>
    <P Name="Points">[118, 0]</P>
    <Branch>
      <P Name="ZOrder">11</P>
      <P Name="Points">[0, -50]</P>
      <P Name="Dst">48#in:1</P>
    </Branch>
    <Branch>
      <P Name="ZOrder">7</P>
      <P Name="Dst">37#in:1</P>
    </Branch>
    <Branch>
      <P Name="ZOrder">8</P>
      <P Name="Labels">[1, 0]</P>
      <P Name="Points">[0, 148; -640, 0; 0, -128; 247, 0]</P>
      <P Name="Dst">34#in:2</P>
    </Branch>
  </Line>
  <Line>
    <P Name="ZOrder">9</P>
    <P Name="Src">38#out:1</P>
    <P Name="Dst">34#in:3</P>
  </Line>
  <Line>
    <P Name="ZOrder">10</P>
    <P Name="Src">35#out:1</P>
    <P Name="Dst">34#in:4</P>
  </Line>
</System>
