<?xml version="1.0" encoding="utf-8"?>
<System>
  <P Name="Location">[223, 338, 826, 833]</P>
  <P Name="SystemRect">[0.000000, 0.000000, 0.000000, 0.000000]</P>
  <P Name="SetExecutionDomain">off</P>
  <P Name="ExecutionDomainType">Deduce</P>
  <P Name="SIDHighWatermark">54</P>
  <P Name="SimulinkSubDomain">Simulink</P>
  <Block BlockType="Inport" Name="x_hat1" SID="9::1">
    <P Name="Position">[20, 101, 40, 119]</P>
    <P Name="ZOrder">-1</P>
  </Block>
  <Block BlockType="Inport" Name="xi" SID="9::36">
    <P Name="Position">[20, 136, 40, 154]</P>
    <P Name="ZOrder">17</P>
    <P Name="Port">2</P>
  </Block>
  <Block BlockType="Demux" Name=" Demux " SID="9::53">
    <P Name="Ports">[1, 1]</P>
    <P Name="Position">[270, 230, 320, 270]</P>
    <P Name="ZOrder">34</P>
    <P Name="Outputs">1</P>
  </Block>
  <Block BlockType="S-Function" Name=" SFunction " SID="9::52">
    <P Name="Tag">Stateflow S-Function 2</P>
    <P Name="Ports">[2, 2]</P>
    <P Name="Position">[180, 100, 230, 160]</P>
    <P Name="ZOrder">33</P>
    <P Name="FunctionName">sf_sfun</P>
    <P Name="PortCounts">[2 2]</P>
    <P Name="SFunctionDeploymentMode">off</P>
    <P Name="EnableBusSupport">on</P>
    <P Name="SFcnIsStateOwnerBlock">off</P>
    <Port>
      <P Name="PortNumber">2</P>
      <P Name="Name">u</P>
    </Port>
  </Block>
  <Block BlockType="Terminator" Name=" Terminator " SID="9::54">
    <P Name="Position">[460, 241, 480, 259]</P>
    <P Name="ZOrder">35</P>
  </Block>
  <Block BlockType="Outport" Name="u" SID="9::5">
    <P Name="Position">[460, 101, 480, 119]</P>
    <P Name="ZOrder">-5</P>
    <P Name="VectorParamsAs1DForOutWhenUnconnected">off</P>
  </Block>
  <Line>
    <P Name="ZOrder">21</P>
    <P Name="Src">9::1#out:1</P>
    <P Name="Points">[120, 0]</P>
    <P Name="Dst">9::52#in:1</P>
  </Line>
  <Line>
    <P Name="ZOrder">22</P>
    <P Name="Src">9::36#out:1</P>
    <P Name="Dst">9::52#in:2</P>
  </Line>
  <Line>
    <P Name="Name">u</P>
    <P Name="ZOrder">23</P>
    <P Name="Labels">[0, 0]</P>
    <P Name="Src">9::52#out:2</P>
    <P Name="Dst">9::5#in:1</P>
  </Line>
  <Line>
    <P Name="ZOrder">24</P>
    <P Name="Src">9::53#out:1</P>
    <P Name="Dst">9::54#in:1</P>
  </Line>
  <Line>
    <P Name="ZOrder">25</P>
    <P Name="Src">9::52#out:1</P>
    <P Name="Dst">9::53#in:1</P>
  </Line>
</System>
