<?xml version="1.0" encoding="utf-8"?>
<System>
  <P Name="Location">[223, 338, 826, 833]</P>
  <P Name="SystemRect">[0.000000, 0.000000, 0.000000, 0.000000]</P>
  <P Name="SetExecutionDomain">off</P>
  <P Name="ExecutionDomainType">Deduce</P>
  <P Name="SIDHighWatermark">36</P>
  <P Name="SimulinkSubDomain">Simulink</P>
  <Block BlockType="Inport" Name="u" SID="26::1">
    <P Name="Position">[20, 101, 40, 119]</P>
    <P Name="ZOrder">-1</P>
  </Block>
  <Block BlockType="Inport" Name="y" SID="26::22">
    <P Name="Position">[20, 136, 40, 154]</P>
    <P Name="ZOrder">13</P>
    <P Name="Port">2</P>
  </Block>
  <Block BlockType="Inport" Name="x_hat" SID="26::24">
    <P Name="Position">[20, 171, 40, 189]</P>
    <P Name="ZOrder">15</P>
    <P Name="Port">3</P>
  </Block>
  <Block BlockType="Demux" Name=" Demux " SID="26::35">
    <P Name="Ports">[1, 1]</P>
    <P Name="Position">[270, 230, 320, 270]</P>
    <P Name="ZOrder">26</P>
    <P Name="Outputs">1</P>
  </Block>
  <Block BlockType="S-Function" Name=" SFunction " SID="26::34">
    <P Name="Tag">Stateflow S-Function 8</P>
    <P Name="Ports">[3, 3]</P>
    <P Name="Position">[180, 100, 230, 180]</P>
    <P Name="ZOrder">25</P>
    <P Name="FunctionName">sf_sfun</P>
    <P Name="PortCounts">[3 3]</P>
    <P Name="SFunctionDeploymentMode">off</P>
    <P Name="EnableBusSupport">on</P>
    <P Name="SFcnIsStateOwnerBlock">off</P>
    <Port>
      <P Name="PortNumber">2</P>
      <P Name="Name">x_hat_n</P>
    </Port>
    <Port>
      <P Name="PortNumber">3</P>
      <P Name="Name">y_hat</P>
    </Port>
  </Block>
  <Block BlockType="Terminator" Name=" Terminator " SID="26::36">
    <P Name="Position">[460, 241, 480, 259]</P>
    <P Name="ZOrder">27</P>
  </Block>
  <Block BlockType="Outport" Name="x_hat_n" SID="26::5">
    <P Name="Position">[460, 101, 480, 119]</P>
    <P Name="ZOrder">-5</P>
  </Block>
  <Block BlockType="Outport" Name="y_hat" SID="26::23">
    <P Name="Position">[460, 136, 480, 154]</P>
    <P Name="ZOrder">14</P>
    <P Name="Port">2</P>
  </Block>
  <Line>
    <P Name="ZOrder">29</P>
    <P Name="Src">26::1#out:1</P>
    <P Name="Dst">26::34#in:1</P>
  </Line>
  <Line>
    <P Name="ZOrder">30</P>
    <P Name="Src">26::22#out:1</P>
    <P Name="Dst">26::34#in:2</P>
  </Line>
  <Line>
    <P Name="ZOrder">31</P>
    <P Name="Src">26::24#out:1</P>
    <P Name="Dst">26::34#in:3</P>
  </Line>
  <Line>
    <P Name="Name">x_hat_n</P>
    <P Name="ZOrder">32</P>
    <P Name="Labels">[0, 0]</P>
    <P Name="Src">26::34#out:2</P>
    <P Name="Dst">26::5#in:1</P>
  </Line>
  <Line>
    <P Name="Name">y_hat</P>
    <P Name="ZOrder">33</P>
    <P Name="Labels">[0, 0]</P>
    <P Name="Src">26::34#out:3</P>
    <P Name="Dst">26::23#in:1</P>
  </Line>
  <Line>
    <P Name="ZOrder">34</P>
    <P Name="Src">26::35#out:1</P>
    <P Name="Dst">26::36#in:1</P>
  </Line>
  <Line>
    <P Name="ZOrder">35</P>
    <P Name="Src">26::34#out:1</P>
    <P Name="Dst">26::35#in:1</P>
  </Line>
</System>
