<?xml version="1.0" encoding="utf-8"?>
<System>
  <P Name="Location">[670, 108, 2606, 1164]</P>
  <P Name="SystemRect">[0.000000, 0.000000, 0.000000, 0.000000]</P>
  <P Name="SetExecutionDomain">off</P>
  <P Name="ExecutionDomainType">Deduce</P>
  <P Name="ZoomFactor">103</P>
  <P Name="SimulinkSubDomain">Simulink</P>
  <Block BlockType="Inport" Name="u" SID="21">
    <P Name="Position">[-1170, -517, -1140, -503]</P>
    <P Name="ZOrder">-1</P>
  </Block>
  <Block BlockType="Inport" Name="y" SID="22">
    <P Name="Position">[-1170, -477, -1140, -463]</P>
    <P Name="ZOrder">534</P>
    <P Name="Port">2</P>
  </Block>
  <Block BlockType="Gain" Name="C" SID="23">
    <P Name="Position">[-755, -345, -725, -315]</P>
    <P Name="ZOrder">695</P>
    <P Name="Gain">[0 1]</P>
    <P Name="Multiplication">Matrix(K*u)</P>
  </Block>
  <Block BlockType="Delay" Name="Delay2" SID="24">
    <P Name="Ports">[1, 1]</P>
    <P Name="Position">[-930, -512, -895, -478]</P>
    <P Name="ZOrder">554</P>
    <P Name="InputPortMap">u0</P>
    <P Name="DelayLength">1</P>
    <P Name="InitialCondition">[0;0]</P>
    <P Name="SampleTime">0.1</P>
  </Block>
  <Block BlockType="Constant" Name="P_Kalman" SID="25">
    <P Name="Position">[-1045, -265, -1015, -235]</P>
    <P Name="ZOrder">551</P>
    <P Name="Value">[0.0020   -0.0003
;-0.0003    0.0002]</P>
    <P Name="VectorParams1D">off</P>
    <P Name="SampleTime">0.1</P>
  </Block>
  <Block BlockType="SubSystem" Name="State Estimator" SID="26">
    <P Name="Ports">[3, 2]</P>
    <P Name="Position">[-1055, -527, -985, -413]</P>
    <P Name="ZOrder">553</P>
    <P Name="ErrorFcn">Stateflow.Translate.translate</P>
    <P Name="PermitHierarchicalResolution">ExplicitOnly</P>
    <P Name="TreatAsAtomicUnit">on</P>
    <P Name="RequestExecContextInheritance">off</P>
    <P Name="SFBlockType">MATLAB Function</P>
    <P Name="ContentPreviewEnabled">on</P>
    <System Ref="system_26"/>
  </Block>
  <Block BlockType="Scope" Name="States1" SID="27">
    <P Name="Ports">[1]</P>
    <P Name="Position">[-705, -456, -675, -424]</P>
    <P Name="ZOrder">555</P>
    <P Name="ScopeSpecificationString">Simulink.scopes.TimeScopeBlockCfg(&apos;CurrentConfiguration&apos;, extmgr.ConfigurationSet(extmgr.Configuration(&apos;Core&apos;,&apos;General UI&apos;,true),extmgr.Configuration(&apos;Core&apos;,&apos;Source UI&apos;,true),extmgr.Configuration(&apos;Sources&apos;,&apos;WiredSimulink&apos;,true,&apos;DataLoggingVariableName&apos;,&apos;ScopeData6&apos;),extmgr.Configuration(&apos;Visuals&apos;,&apos;Time Domain&apos;,true,&apos;SerializedDisplays&apos;,{struct(&apos;MinYLimReal&apos;,&apos;-178.03243&apos;,&apos;MaxYLimReal&apos;,&apos;578.70675&apos;,&apos;YLabelReal&apos;,&apos;&apos;,&apos;MinYLimMag&apos;,&apos; 0.00000&apos;,&apos;MaxYLimMag&apos;,&apos;578.70675&apos;,&apos;LegendVisibility&apos;,&apos;off&apos;,&apos;XGrid&apos;,true,&apos;YGrid&apos;,true,&apos;PlotMagPhase&apos;,false,&apos;AxesColor&apos;,[0 0 0],&apos;AxesTickColor&apos;,[0.686274509803922 0.686274509803922 0.686274509803922],&apos;ColorOrder&apos;,[1 1 0.0666666666666667;0.0745098039215686 0.623529411764706 1;1 0.411764705882353 0.16078431372549;0.392156862745098 0.831372549019608 0.0745098039215686;0.717647058823529 0.274509803921569 1;0.0588235294117647 1 1;1 0.0745098039215686 0.650980392156863],&apos;Title&apos;,&apos;%&lt;SignalLabel&gt;&apos;,&apos;LinePropertiesCache&apos;,{{}},&apos;UserDefinedChannelNames&apos;,{{}},&apos;NumLines&apos;,1,&apos;LineNames&apos;,{{&apos;MATLAB Function/y_hat&apos;}},&apos;ShowContent&apos;,true,&apos;Placement&apos;,1)},&apos;DisplayPropertyDefaults&apos;,struct(&apos;MinYLimReal&apos;,&apos;-178.03243&apos;,&apos;MaxYLimReal&apos;,&apos;578.70675&apos;,&apos;YLabelReal&apos;,&apos;&apos;,&apos;MinYLimMag&apos;,&apos; 0.00000&apos;,&apos;MaxYLimMag&apos;,&apos;578.70675&apos;,&apos;LegendVisibility&apos;,&apos;off&apos;,&apos;XGrid&apos;,true,&apos;YGrid&apos;,true,&apos;PlotMagPhase&apos;,false,&apos;AxesColor&apos;,[0 0 0],&apos;AxesTickColor&apos;,[0.686274509803922 0.686274509803922 0.686274509803922],&apos;ColorOrder&apos;,[0.0745098039215686 0.623529411764706 1;1 0.411764705882353 0.16078431372549;1 1 0.0666666666666667;0.717647058823529 0.274509803921569 1;0.392156862745098 0.831372549019608 0.0745098039215686;0.0588235294117647 1 1;1 0.0745098039215686 0.650980392156863])),extmgr.Configuration(&apos;Tools&apos;,&apos;Plot Navigation&apos;,true,&apos;PreviousAutoscale&apos;,&apos;XY&apos;,&apos;OnceAtStop&apos;,false,&apos;PreviousZoomMode&apos;,&apos;ZoomY&apos;),extmgr.Configuration(&apos;Tools&apos;,&apos;Measurements&apos;,true,&apos;Version&apos;,&apos;2021a&apos;)),&apos;Version&apos;,&apos;2021a&apos;,&apos;Position&apos;,[418 350 587 317])</P>
    <P Name="NumInputPorts">1</P>
    <P Name="Floating">off</P>
  </Block>
  <Block BlockType="Outport" Name="x_hat" SID="28">
    <P Name="Position">[-780, -492, -750, -478]</P>
    <P Name="ZOrder">560</P>
    <P Name="VectorParamsAs1DForOutWhenUnconnected">off</P>
  </Block>
  <Block BlockType="Outport" Name="y_hat" SID="29">
    <P Name="Position">[-670, -337, -640, -323]</P>
    <P Name="ZOrder">696</P>
    <P Name="Port">2</P>
    <P Name="VectorParamsAs1DForOutWhenUnconnected">off</P>
  </Block>
  <Block BlockType="Outport" Name="P" SID="30">
    <P Name="Position">[-975, -257, -945, -243]</P>
    <P Name="ZOrder">552</P>
    <P Name="Port">3</P>
    <P Name="VectorParamsAs1DForOutWhenUnconnected">off</P>
  </Block>
  <Line>
    <P Name="ZOrder">1</P>
    <P Name="Src">21#out:1</P>
    <P Name="Dst">26#in:1</P>
  </Line>
  <Line>
    <P Name="ZOrder">2</P>
    <P Name="Src">22#out:1</P>
    <P Name="Dst">26#in:2</P>
  </Line>
  <Line>
    <P Name="ZOrder">3</P>
    <P Name="Src">25#out:1</P>
    <P Name="Dst">30#in:1</P>
  </Line>
  <Line>
    <P Name="ZOrder">4</P>
    <P Name="Src">26#out:1</P>
    <P Name="Dst">24#in:1</P>
  </Line>
  <Line>
    <P Name="ZOrder">5</P>
    <P Name="Src">24#out:1</P>
    <P Name="Points">[19, 0; 0, 10]</P>
    <Branch>
      <P Name="ZOrder">6</P>
      <P Name="Points">[0, 162; -208, 0; 0, -107]</P>
      <P Name="Dst">26#in:3</P>
    </Branch>
    <Branch>
      <P Name="ZOrder">7</P>
      <P Name="Points">[43, 0]</P>
      <Branch>
        <P Name="ZOrder">8</P>
        <P Name="Points">[0, 155; 73, 0]</P>
        <P Name="Dst">23#in:1</P>
      </Branch>
      <Branch>
        <P Name="ZOrder">9</P>
        <P Name="Dst">28#in:1</P>
      </Branch>
    </Branch>
  </Line>
  <Line>
    <P Name="ZOrder">10</P>
    <P Name="Src">26#out:2</P>
    <P Name="Dst">27#in:1</P>
  </Line>
  <Line>
    <P Name="ZOrder">11</P>
    <P Name="Src">23#out:1</P>
    <P Name="Dst">29#in:1</P>
  </Line>
</System>
