<?xml version="1.0" encoding="utf-8"?>
<System>
  <P Name="Location">[223, 338, 826, 833]</P>
  <P Name="SystemRect">[0.000000, 0.000000, 0.000000, 0.000000]</P>
  <P Name="SetExecutionDomain">off</P>
  <P Name="ExecutionDomainType">Deduce</P>
  <P Name="SIDHighWatermark">46</P>
  <P Name="SimulinkSubDomain">Simulink</P>
  <Block BlockType="Inport" Name="x_hat" SID="1::1">
    <P Name="Position">[20, 101, 40, 119]</P>
    <P Name="ZOrder">-1</P>
  </Block>
  <Block BlockType="Inport" Name="P" SID="1::25">
    <P Name="Position">[20, 136, 40, 154]</P>
    <P Name="ZOrder">16</P>
    <P Name="Port">2</P>
  </Block>
  <Block BlockType="Inport" Name="y" SID="1::26">
    <P Name="Position">[20, 171, 40, 189]</P>
    <P Name="ZOrder">17</P>
    <P Name="Port">3</P>
  </Block>
  <Block BlockType="Demux" Name=" Demux " SID="1::45">
    <P Name="Ports">[1, 1]</P>
    <P Name="Position">[270, 230, 320, 270]</P>
    <P Name="ZOrder">34</P>
    <P Name="Outputs">1</P>
  </Block>
  <Block BlockType="S-Function" Name=" SFunction " SID="1::44">
    <P Name="Tag">Stateflow S-Function 4</P>
    <P Name="Ports">[3, 2]</P>
    <P Name="Position">[180, 100, 230, 180]</P>
    <P Name="ZOrder">33</P>
    <P Name="FunctionName">sf_sfun</P>
    <P Name="PortCounts">[3 2]</P>
    <P Name="SFunctionDeploymentMode">off</P>
    <P Name="EnableBusSupport">on</P>
    <P Name="SFcnIsStateOwnerBlock">off</P>
    <Port>
      <P Name="PortNumber">2</P>
      <P Name="Name">result</P>
    </Port>
  </Block>
  <Block BlockType="Terminator" Name=" Terminator " SID="1::46">
    <P Name="Position">[460, 241, 480, 259]</P>
    <P Name="ZOrder">35</P>
  </Block>
  <Block BlockType="Outport" Name="result" SID="1::5">
    <P Name="Position">[460, 101, 480, 119]</P>
    <P Name="ZOrder">-5</P>
    <P Name="VectorParamsAs1DForOutWhenUnconnected">off</P>
  </Block>
  <Line>
    <P Name="ZOrder">25</P>
    <P Name="Src">1::1#out:1</P>
    <P Name="Dst">1::44#in:1</P>
  </Line>
  <Line>
    <P Name="ZOrder">26</P>
    <P Name="Src">1::25#out:1</P>
    <P Name="Dst">1::44#in:2</P>
  </Line>
  <Line>
    <P Name="ZOrder">27</P>
    <P Name="Src">1::26#out:1</P>
    <P Name="Dst">1::44#in:3</P>
  </Line>
  <Line>
    <P Name="Name">result</P>
    <P Name="ZOrder">28</P>
    <P Name="Labels">[0, 0]</P>
    <P Name="Src">1::44#out:2</P>
    <P Name="Dst">1::5#in:1</P>
  </Line>
  <Line>
    <P Name="ZOrder">29</P>
    <P Name="Src">1::45#out:1</P>
    <P Name="Dst">1::46#in:1</P>
  </Line>
  <Line>
    <P Name="ZOrder">30</P>
    <P Name="Src">1::44#out:1</P>
    <P Name="Points">[20, 0]</P>
    <P Name="Dst">1::45#in:1</P>
  </Line>
</System>
