<?xml version="1.0" encoding="UTF-8"?>
<sltp_graph version="1.1" packageUris="http://schema.mathworks.com/mf0/sltp_mm/R2021b_202106150630">
  <sltp.mm.core.Context type="sltp.mm.core.Context" uuid="66bb6fe2-cbd9-4ae3-9bb8-f411d8bd8c8d">
    <priorityDirection>HighNumberLast</priorityDirection>
    <editorState type="sltp.mm.core.EditorState" uuid="3429ef35-ff8f-40e9-9e53-88ef0319603d">
      <isSynchronized>true</isSynchronized>
      <panelState type="sltp.mm.core.EditorPanelState" uuid="cec7b92e-f867-4acb-a242-090856a70c7d"/>
    </editorState>
    <rootTask type="sltp.mm.core.Task" uuid="0fb7cf38-04a3-452b-8ca5-25bb2575fb43">
      <context type="sltp.mm.core.Context" uuid="66bb6fe2-cbd9-4ae3-9bb8-f411d8bd8c8d"/>
      <explicit>false</explicit>
      <name>Default</name>
      <priority>-2147483648</priority>
      <subgraph type="sltp.mm.core.Graph" uuid="19138fb8-2843-4974-99b3-231e39320126">
        <tasks type="sltp.mm.core.Task" uuid="ad5c7410-0afc-48d9-83ad-3332d81bf3be">
          <baseTask>true</baseTask>
          <context type="sltp.mm.core.Context" uuid="66bb6fe2-cbd9-4ae3-9bb8-f411d8bd8c8d"/>
          <explicit>false</explicit>
          <id>1</id>
          <isTimed>true</isTimed>
          <name>FiM</name>
          <priority>40</priority>
          <rates type="sltp.mm.core.Rate" uuid="0d354a07-7ddc-400d-a4c0-8d8e98aa447a">
            <annotation>FiM</annotation>
            <color>-2139062017</color>
            <rateSpec type="sltp.mm.core.RateSpec">
              <offset>1.0</offset>
              <period>0.0</period>
            </rateSpec>
            <sti>0</sti>
          </rates>
          <rates type="sltp.mm.core.Rate" uuid="789dbf6d-d3d3-4593-94e4-04266bc605ee">
            <annotation>D1</annotation>
            <color>-436207361</color>
            <hasBlocks>true</hasBlocks>
            <rateSpec type="sltp.mm.core.RateSpec">
              <period>.1</period>
            </rateSpec>
            <sti>1</sti>
          </rates>
        </tasks>
      </subgraph>
    </rootTask>
  </sltp.mm.core.Context>
</sltp_graph>