<?xml version="1.0" encoding="UTF-8"?>
<sltp_editor version="1.1" packageUris="http://schema.mathworks.com/mf0/DiagramEditor/R2019a_20181107 http://schema.mathworks.com/mf0/SltpSyntax/R2021b_202101212121">
  <sltp.mm.syntax.Context type="sltp.mm.syntax.Context" uuid="ca75a3b9-166a-4c06-96c0-b1ca29747c73">
    <rootGraph type="sltp.mm.syntax.Graph" uuid="9d6ad5d9-9358-465d-9436-18edc3385aee">
      <children type="sltp.mm.syntax.Node" uuid="8c8ccabb-1b31-48a2-859f-8eae51517a89">
        <priority>40</priority>
        <rates type="sltp.mm.syntax.RateData">
          <color>#808080</color>
          <rate>[0, 1]</rate>
          <title>FiM</title>
        </rates>
        <rates type="sltp.mm.syntax.RateData">
          <color>#e60000</color>
          <hasBlocks>true</hasBlocks>
          <rate>0.1</rate>
          <title>D1</title>
        </rates>
        <title>FiM</title>
        <type>base</type>
        <diagramElement type="diagram.editor.model.Entity" uuid="0c25a116-87b5-4088-96bc-23774ac7a9a0"/>
        <subgraph type="sltp.mm.syntax.Graph" uuid="060b3d68-406b-48bb-a35a-554bdcd0ae70">
          <title>FiM</title>
          <diagramElement type="diagram.editor.model.Diagram" uuid="7f0b9936-92a5-4cc3-8bbc-413520e16f7e"/>
        </subgraph>
      </children>
      <title>Default</title>
      <diagramElement type="diagram.editor.model.Diagram" uuid="7046de32-678c-445f-8b12-bc9814811d25"/>
    </rootGraph>
  </sltp.mm.syntax.Context>
  <diagram.editor.model.Diagram type="diagram.editor.model.Diagram" uuid="7046de32-678c-445f-8b12-bc9814811d25">
    <entities type="diagram.editor.model.Entity" uuid="0c25a116-87b5-4088-96bc-23774ac7a9a0">
      <position>0,0</position>
      <size>0,0,0,0</size>
      <syntaxElement type="sltp.mm.syntax.Node" uuid="8c8ccabb-1b31-48a2-859f-8eae51517a89"/>
      <title>FiM</title>
      <type>base</type>
      <subDiagram type="diagram.editor.model.Diagram" uuid="7f0b9936-92a5-4cc3-8bbc-413520e16f7e">
        <position>0,0</position>
        <syntaxElement type="sltp.mm.syntax.Graph" uuid="060b3d68-406b-48bb-a35a-554bdcd0ae70"/>
        <title>FiM</title>
        <type>graph.Graph</type>
      </subDiagram>
    </entities>
    <syntaxElement type="sltp.mm.syntax.Graph" uuid="9d6ad5d9-9358-465d-9436-18edc3385aee"/>
    <title>Default</title>
    <type>graph.Graph</type>
  </diagram.editor.model.Diagram>
</sltp_editor>